Elements,Time,Distribution
100,24,ASCENDING
100,13,DESCENDING
100,13,ASHAPE
100,13,VSHAPE
200,44,UNIFORM
200,33,CONSTANT
200,33,ASCENDING
200,34,DESCENDING
200,35,ASHAPE
200,33,VSHAPE
300,70,UNIFORM
300,53,CONSTANT
300,50,ASCENDING
300,51,DESCENDING
300,50,ASHAPE
300,49,VSHAPE
400,91,UNIFORM
400,68,CONSTANT
400,70,ASCENDING
400,70,DESCENDING
400,66,ASHAPE
400,68,VSHAPE
500,198,UNIFORM
500,158,CONSTANT
500,127,ASCENDING
500,127,DESCENDING
500,78,ASHAPE
500,80,VSHAPE
600,144,UNIFORM
600,103,CONSTANT
600,98,ASCENDING
600,102,DESCENDING
600,104,ASHAPE
600,105,VSHAPE
700,165,UNIFORM
700,119,CONSTANT
700,117,ASCENDING
700,149,DESCENDING
700,118,ASHAPE
700,119,VSHAPE
800,192,UNIFORM
800,133,CONSTANT
800,130,ASCENDING
800,133,DESCENDING
800,138,ASHAPE
800,136,VSHAPE
900,237,UNIFORM
900,161,CONSTANT
900,148,ASCENDING
900,149,DESCENDING
900,154,ASHAPE
900,147,VSHAPE
100,21,UNIFORM
100,14,CONSTANT
100,13,ASCENDING
100,13,DESCENDING
100,13,ASHAPE
100,13,VSHAPE
200,44,UNIFORM
200,35,CONSTANT
200,33,ASCENDING
200,33,DESCENDING
200,36,ASHAPE
200,33,VSHAPE
300,72,UNIFORM
300,62,CONSTANT
300,54,ASCENDING
300,57,DESCENDING
300,55,ASHAPE
300,53,VSHAPE
400,92,UNIFORM
400,73,CONSTANT
400,70,ASCENDING
400,79,DESCENDING
400,133,ASHAPE
400,75,VSHAPE
500,124,UNIFORM
500,92,CONSTANT
500,88,ASCENDING
500,89,DESCENDING
500,86,ASHAPE
500,88,VSHAPE
600,148,UNIFORM
600,110,CONSTANT
600,152,ASCENDING
600,107,DESCENDING
600,104,ASHAPE
600,105,VSHAPE
700,214,UNIFORM
700,187,CONSTANT
700,161,ASCENDING
700,170,DESCENDING
700,193,ASHAPE
700,181,VSHAPE
800,293,UNIFORM
800,230,CONSTANT
800,221,ASCENDING
800,224,DESCENDING
800,221,ASHAPE
800,223,VSHAPE
900,224,UNIFORM
900,168,CONSTANT
900,154,ASCENDING
900,199,DESCENDING
900,247,ASHAPE
900,238,VSHAPE
100,26,UNIFORM
100,23,CONSTANT
100,22,ASCENDING
100,21,DESCENDING
100,26,ASHAPE
100,22,VSHAPE
200,60,UNIFORM
200,48,CONSTANT
200,48,ASCENDING
200,48,DESCENDING
200,50,ASHAPE
200,47,VSHAPE
300,95,UNIFORM
300,80,CONSTANT
300,74,ASCENDING
300,76,DESCENDING
300,73,ASHAPE
300,74,VSHAPE
400,129,UNIFORM
400,103,CONSTANT
400,99,ASCENDING
400,105,DESCENDING
400,100,ASHAPE
400,103,VSHAPE
500,173,UNIFORM
500,133,CONSTANT
500,169,ASCENDING
500,134,DESCENDING
500,129,ASHAPE
500,131,VSHAPE
600,215,UNIFORM
600,163,CONSTANT
600,164,ASCENDING
600,161,DESCENDING
600,159,ASHAPE
600,169,VSHAPE
700,250,UNIFORM
700,194,CONSTANT
700,191,ASCENDING
700,181,DESCENDING
700,188,ASHAPE
700,203,VSHAPE
800,289,UNIFORM
800,5930,CONSTANT
800,230,ASCENDING
800,215,DESCENDING
800,217,ASHAPE
800,216,VSHAPE
900,324,UNIFORM
900,252,CONSTANT
900,253,ASCENDING
900,233,DESCENDING
900,247,ASHAPE
900,245,VSHAPE
100,21,UNIFORM
100,14,CONSTANT
100,12,ASCENDING
100,16,DESCENDING
100,13,ASHAPE
100,12,VSHAPE
200,44,UNIFORM
200,35,CONSTANT
200,33,ASCENDING
200,33,DESCENDING
200,35,ASHAPE
200,33,VSHAPE
300,70,UNIFORM
300,52,CONSTANT
300,48,ASCENDING
300,53,DESCENDING
300,49,ASHAPE
300,49,VSHAPE
400,92,UNIFORM
400,70,CONSTANT
400,66,ASCENDING
400,70,DESCENDING
400,66,ASHAPE
400,68,VSHAPE
500,128,UNIFORM
500,88,CONSTANT
500,83,ASCENDING
500,86,DESCENDING
500,86,ASHAPE
500,88,VSHAPE
600,152,UNIFORM
600,105,CONSTANT
600,104,ASCENDING
600,103,DESCENDING
600,102,ASHAPE
600,101,VSHAPE
700,170,UNIFORM
700,123,CONSTANT
700,157,ASCENDING
700,134,DESCENDING
700,117,ASHAPE
700,122,VSHAPE
800,297,UNIFORM
800,237,CONSTANT
800,226,ASCENDING
800,226,DESCENDING
800,277,ASHAPE
800,236,VSHAPE
900,231,UNIFORM
900,171,CONSTANT
900,160,ASCENDING
900,162,DESCENDING
900,199,ASHAPE
900,159,VSHAPE
100,26,UNIFORM
100,22,CONSTANT
100,33,ASCENDING
100,26,DESCENDING
100,13,ASHAPE
100,13,VSHAPE
200,39,UNIFORM
200,29,CONSTANT
200,40,ASCENDING
200,29,DESCENDING
200,28,ASHAPE
200,28,VSHAPE
300,66,UNIFORM
300,45,CONSTANT
300,47,ASCENDING
300,46,DESCENDING
300,55,ASHAPE
300,45,VSHAPE
400,94,UNIFORM
400,68,CONSTANT
400,66,ASCENDING
400,73,DESCENDING
400,68,ASHAPE
400,73,VSHAPE
500,122,UNIFORM
500,87,CONSTANT
500,82,ASCENDING
500,88,DESCENDING
500,86,ASHAPE
500,88,VSHAPE
600,139,UNIFORM
600,117,CONSTANT
600,105,ASCENDING
600,108,DESCENDING
600,108,ASHAPE
600,107,VSHAPE
700,167,UNIFORM
700,127,CONSTANT
700,123,ASCENDING
700,120,DESCENDING
700,123,ASHAPE
700,124,VSHAPE
800,191,UNIFORM
800,150,CONSTANT
800,152,ASCENDING
800,141,DESCENDING
800,149,ASHAPE
800,132,VSHAPE
900,217,UNIFORM
900,153,CONSTANT
900,183,ASCENDING
900,158,DESCENDING
900,189,ASHAPE
900,171,VSHAPE
1000,245,UNIFORM
1000,181,CONSTANT
1000,175,ASCENDING
1000,171,DESCENDING
1000,181,ASHAPE
1000,179,VSHAPE
1100,278,UNIFORM
1100,204,CONSTANT
1100,203,ASCENDING
1100,207,DESCENDING
1100,200,ASHAPE
1100,203,VSHAPE
1200,302,UNIFORM
1200,221,CONSTANT
1200,213,ASCENDING
1200,205,DESCENDING
1200,210,ASHAPE
1200,216,VSHAPE
1300,326,UNIFORM
1300,238,CONSTANT
1300,227,ASCENDING
1300,218,DESCENDING
1300,231,ASHAPE
1300,243,VSHAPE
1400,386,UNIFORM
1400,264,CONSTANT
1400,239,ASCENDING
1400,255,DESCENDING
1400,245,ASHAPE
1400,250,VSHAPE
1500,446,UNIFORM
1500,276,CONSTANT
1500,259,ASCENDING
1500,263,DESCENDING
1500,269,ASHAPE
1500,261,VSHAPE
1600,411,UNIFORM
1600,294,CONSTANT
1600,290,ASCENDING
1600,272,DESCENDING
1600,282,ASHAPE
1600,286,VSHAPE
1700,446,UNIFORM
1700,317,CONSTANT
1700,307,ASCENDING
1700,293,DESCENDING
1700,296,ASHAPE
1700,280,VSHAPE
1800,469,UNIFORM
1800,341,CONSTANT
1800,324,ASCENDING
1800,311,DESCENDING
1800,310,ASHAPE
1800,306,VSHAPE
1900,501,UNIFORM
1900,353,CONSTANT
1900,353,ASCENDING
1900,326,DESCENDING
1900,325,ASHAPE
1900,330,VSHAPE
2000,529,UNIFORM
2000,369,CONSTANT
2000,365,ASCENDING
2000,338,DESCENDING
2000,347,ASHAPE
2000,345,VSHAPE
2100,563,UNIFORM
2100,405,CONSTANT
2100,362,ASCENDING
2100,360,DESCENDING
2100,365,ASHAPE
2100,364,VSHAPE
2200,591,UNIFORM
2200,411,CONSTANT
2200,406,ASCENDING
2200,417,DESCENDING
2200,377,ASHAPE
2200,382,VSHAPE
2300,535,UNIFORM
2300,393,CONSTANT
2300,432,ASCENDING
2300,395,DESCENDING
2300,397,ASHAPE
2300,393,VSHAPE
2400,649,UNIFORM
2400,449,CONSTANT
2400,441,ASCENDING
2400,407,DESCENDING
2400,406,ASHAPE
2400,406,VSHAPE
2500,686,UNIFORM
2500,463,CONSTANT
2500,420,ASCENDING
2500,425,DESCENDING
2500,424,ASHAPE
2500,422,VSHAPE
2600,696,UNIFORM
2600,484,CONSTANT
2600,478,ASCENDING
2600,434,DESCENDING
2600,436,ASHAPE
2600,487,VSHAPE
2700,751,UNIFORM
2700,504,CONSTANT
2700,460,ASCENDING
2700,505,DESCENDING
2700,647,ASHAPE
2700,599,VSHAPE
2800,757,UNIFORM
2800,526,CONSTANT
2800,522,ASCENDING
2800,503,DESCENDING
2800,523,ASHAPE
2800,477,VSHAPE
2900,718,UNIFORM
2900,504,CONSTANT
2900,500,ASCENDING
2900,500,DESCENDING
2900,497,ASHAPE
2900,500,VSHAPE
3000,813,UNIFORM
3000,562,CONSTANT
3000,561,ASCENDING
3000,506,DESCENDING
3000,508,ASHAPE
3000,556,VSHAPE
3100,865,UNIFORM
3100,580,CONSTANT
3100,522,ASCENDING
3100,526,DESCENDING
3100,525,ASHAPE
3100,519,VSHAPE
3200,788,UNIFORM
3200,551,CONSTANT
3200,547,ASCENDING
3200,549,DESCENDING
3200,547,ASHAPE
3200,593,VSHAPE
3300,1042,UNIFORM
3300,606,CONSTANT
3300,587,ASCENDING
3300,578,DESCENDING
3300,663,ASHAPE
3300,855,VSHAPE
3400,845,UNIFORM
3400,587,CONSTANT
3400,582,ASCENDING
3400,584,DESCENDING
3400,581,ASHAPE
3400,623,VSHAPE
3500,927,UNIFORM
3500,600,CONSTANT
3500,598,ASCENDING
3500,601,DESCENDING
3500,605,ASHAPE
3500,596,VSHAPE
3600,886,UNIFORM
3600,623,CONSTANT
3600,620,ASCENDING
3600,615,DESCENDING
3600,659,ASHAPE
3600,618,VSHAPE
3700,912,UNIFORM
3700,733,CONSTANT
3700,634,ASCENDING
3700,648,DESCENDING
3700,647,ASHAPE
3700,633,VSHAPE
3800,937,UNIFORM
3800,653,CONSTANT
3800,665,ASCENDING
3800,654,DESCENDING
3800,693,ASHAPE
3800,655,VSHAPE
3900,961,UNIFORM
3900,674,CONSTANT
3900,668,ASCENDING
3900,704,DESCENDING
3900,668,ASHAPE
3900,670,VSHAPE
4000,1024,UNIFORM
4000,684,CONSTANT
4000,683,ASCENDING
4000,689,DESCENDING
4000,687,ASHAPE
4000,712,VSHAPE
4100,1134,UNIFORM
4100,886,CONSTANT
4100,939,ASCENDING
4100,707,DESCENDING
4100,697,ASHAPE
4100,902,VSHAPE
4200,1037,UNIFORM
4200,781,CONSTANT
4200,731,ASCENDING
4200,802,DESCENDING
4200,771,ASHAPE
4200,827,VSHAPE
4300,1067,UNIFORM
4300,756,CONSTANT
4300,747,ASCENDING
4300,744,DESCENDING
4300,752,ASHAPE
4300,797,VSHAPE
4400,1102,UNIFORM
4400,765,CONSTANT
4400,759,ASCENDING
4400,1164,DESCENDING
4400,2409,ASHAPE
4400,1974,VSHAPE
4500,1158,UNIFORM
4500,867,CONSTANT
4500,797,ASCENDING
4500,827,DESCENDING
4500,781,ASHAPE
4500,781,VSHAPE
4600,1138,UNIFORM
4600,790,CONSTANT
4600,792,ASCENDING
4600,789,DESCENDING
4600,792,ASHAPE
4600,829,VSHAPE
4700,1195,UNIFORM
4700,910,CONSTANT
4700,891,ASCENDING
4700,818,DESCENDING
4700,816,ASHAPE
4700,819,VSHAPE
4800,1201,UNIFORM
4800,844,CONSTANT
4800,838,ASCENDING
4800,838,DESCENDING
4800,838,ASHAPE
4800,839,VSHAPE
4900,1223,UNIFORM
4900,857,CONSTANT
4900,872,ASCENDING
4900,851,DESCENDING
4900,855,ASHAPE
4900,851,VSHAPE
5000,2304,UNIFORM
5000,1119,CONSTANT
5000,867,ASCENDING
5000,1044,DESCENDING
5000,933,ASHAPE
5000,892,VSHAPE
5100,1374,UNIFORM
5100,1282,CONSTANT
5100,939,ASCENDING
5100,880,DESCENDING
5100,951,ASHAPE
5100,1219,VSHAPE
5200,1371,UNIFORM
5200,961,CONSTANT
5200,1014,ASCENDING
5200,891,DESCENDING
5200,912,ASHAPE
5200,962,VSHAPE
5300,1443,UNIFORM
5300,953,CONSTANT
5300,923,ASCENDING
5300,925,DESCENDING
5300,959,ASHAPE
5300,923,VSHAPE
5400,1354,UNIFORM
5400,1040,CONSTANT
5400,951,ASCENDING
5400,945,DESCENDING
5400,951,ASHAPE
5400,967,VSHAPE
5500,1381,UNIFORM
5500,968,CONSTANT
5500,982,ASCENDING
5500,970,DESCENDING
5500,971,ASHAPE
5500,1012,VSHAPE
5600,1490,UNIFORM
5600,986,CONSTANT
5600,1034,ASCENDING
5600,985,DESCENDING
5600,987,ASHAPE
5600,989,VSHAPE
5700,1784,UNIFORM
5700,1039,CONSTANT
5700,1113,ASCENDING
5700,1057,DESCENDING
5700,1017,ASHAPE
5700,1069,VSHAPE
5800,1529,UNIFORM
5800,1065,CONSTANT
5800,1028,ASCENDING
5800,1082,DESCENDING
5800,1096,ASHAPE
5800,1109,VSHAPE
5900,1562,UNIFORM
5900,1034,CONSTANT
5900,1033,ASCENDING
5900,1038,DESCENDING
5900,1090,ASHAPE
5900,1203,VSHAPE
6000,2028,UNIFORM
6000,1193,CONSTANT
6000,1260,ASCENDING
6000,1257,DESCENDING
6000,1095,ASHAPE
6000,1054,VSHAPE
6100,1547,UNIFORM
6100,1116,CONSTANT
6100,1193,ASCENDING
6100,1079,DESCENDING
6100,1091,ASHAPE
6100,1141,VSHAPE
6200,1704,UNIFORM
6200,1410,CONSTANT
6200,1128,ASCENDING
6200,1134,DESCENDING
6200,1091,ASHAPE
6200,1085,VSHAPE
6300,1790,UNIFORM
6300,1171,CONSTANT
6300,1108,ASCENDING
6300,1122,DESCENDING
6300,1253,ASHAPE
6300,2009,VSHAPE
6400,1860,UNIFORM
6400,1310,CONSTANT
6400,1281,ASCENDING
6400,1325,DESCENDING
6400,2164,ASHAPE
6400,2132,VSHAPE
6500,1700,UNIFORM
6500,1145,CONSTANT
6500,1151,ASCENDING
6500,1191,DESCENDING
6500,1146,ASHAPE
6500,1206,VSHAPE
6600,1734,UNIFORM
6600,1171,CONSTANT
6600,1173,ASCENDING
6600,1211,DESCENDING
6600,1163,ASHAPE
6600,1168,VSHAPE
6700,3388,UNIFORM
6700,1391,CONSTANT
6700,1237,ASCENDING
6700,1213,DESCENDING
6700,1210,ASHAPE
6700,1249,VSHAPE
6800,1796,UNIFORM
6800,1212,CONSTANT
6800,1216,ASCENDING
6800,1258,DESCENDING
6800,1213,ASHAPE
6800,1210,VSHAPE
6900,2969,UNIFORM
6900,2323,CONSTANT
6900,2509,ASCENDING
6900,2424,DESCENDING
6900,2484,ASHAPE
6900,2201,VSHAPE
7000,1838,UNIFORM
7000,1301,CONSTANT
7000,1247,ASCENDING
7000,1244,DESCENDING
7000,1285,ASHAPE
7000,1244,VSHAPE
7100,1856,UNIFORM
7100,1285,CONSTANT
7100,1252,ASCENDING
7100,1251,DESCENDING
7100,1283,ASHAPE
7100,1256,VSHAPE
7200,1845,UNIFORM
7200,1331,CONSTANT
7200,1271,ASCENDING
7200,1270,DESCENDING
7200,1351,ASHAPE
7200,1274,VSHAPE
7300,1877,UNIFORM
7300,1291,CONSTANT
7300,1372,ASCENDING
7300,1326,DESCENDING
7300,1921,ASHAPE
7300,1311,VSHAPE
7400,1903,UNIFORM
7400,1347,CONSTANT
7400,1313,ASCENDING
7400,1307,DESCENDING
7400,1417,ASHAPE
7400,1312,VSHAPE
7500,2051,UNIFORM
7500,1741,CONSTANT
7500,1369,ASCENDING
7500,1371,DESCENDING
7500,1329,ASHAPE
7500,1327,VSHAPE
7600,2064,UNIFORM
7600,1351,CONSTANT
7600,1349,ASCENDING
7600,1389,DESCENDING
7600,1352,ASHAPE
7600,1357,VSHAPE
7700,2032,UNIFORM
7700,1402,CONSTANT
7700,1518,ASCENDING
7700,1367,DESCENDING
7700,1368,ASHAPE
7700,1402,VSHAPE
7800,2105,UNIFORM
7800,1433,CONSTANT
7800,1387,ASCENDING
7800,1523,DESCENDING
7800,1461,ASHAPE
7800,1388,VSHAPE
7900,2107,UNIFORM
7900,1407,CONSTANT
7900,1468,ASCENDING
7900,1488,DESCENDING
7900,1554,ASHAPE
7900,1401,VSHAPE
8000,2067,UNIFORM
8000,1545,CONSTANT
8000,1425,ASCENDING
8000,1407,DESCENDING
8000,1443,ASHAPE
8000,1409,VSHAPE
8100,2090,UNIFORM
8100,1451,CONSTANT
8100,1422,ASCENDING
8100,1461,DESCENDING
8100,1427,ASHAPE
8100,1426,VSHAPE
8200,2383,UNIFORM
8200,1446,CONSTANT
8200,1513,ASCENDING
8200,1440,DESCENDING
8200,1487,ASHAPE
8200,1462,VSHAPE
8300,2186,UNIFORM
8300,1461,CONSTANT
8300,1463,ASCENDING
8300,1502,DESCENDING
8300,1463,ASHAPE
8300,1690,VSHAPE
8400,2210,UNIFORM
8400,1510,CONSTANT
8400,2217,ASCENDING
8400,3976,DESCENDING
8400,1594,ASHAPE
8400,1519,VSHAPE
8500,2209,UNIFORM
8500,1708,CONSTANT
8500,1503,ASCENDING
8500,1546,DESCENDING
8500,1510,ASHAPE
8500,1510,VSHAPE
8600,2368,UNIFORM
8600,1526,CONSTANT
8600,1558,ASCENDING
8600,1519,DESCENDING
8600,1527,ASHAPE
8600,1561,VSHAPE
8700,2314,UNIFORM
8700,1546,CONSTANT
8700,1595,ASCENDING
8700,1536,DESCENDING
8700,1543,ASHAPE
8700,1592,VSHAPE
8800,2684,UNIFORM
8800,1633,CONSTANT
8800,1674,ASCENDING
8800,1567,DESCENDING
8800,1697,ASHAPE
8800,1563,VSHAPE
8900,2856,UNIFORM
8900,1679,CONSTANT
8900,1752,ASCENDING
8900,1668,DESCENDING
8900,1584,ASHAPE
8900,1624,VSHAPE
9000,2424,UNIFORM
9000,1633,CONSTANT
9000,1672,ASCENDING
9000,1615,DESCENDING
9000,1612,ASHAPE
9000,1845,VSHAPE
9100,2756,UNIFORM
9100,1659,CONSTANT
9100,1619,ASCENDING
9100,1617,DESCENDING
9100,1668,ASHAPE
9100,1646,VSHAPE
9200,2524,UNIFORM
9200,1652,CONSTANT
9200,1690,ASCENDING
9200,1642,DESCENDING
9200,1696,ASHAPE
9200,1641,VSHAPE
9300,2496,UNIFORM
9300,1723,CONSTANT
9300,1670,ASCENDING
9300,1664,DESCENDING
9300,1909,ASHAPE
9300,1735,VSHAPE
9400,2555,UNIFORM
9400,1684,CONSTANT
9400,1689,ASCENDING
9400,1684,DESCENDING
9400,1684,ASHAPE
9400,1712,VSHAPE
9500,2500,UNIFORM
9500,1753,CONSTANT
9500,1709,ASCENDING
9500,1751,DESCENDING
9500,1709,ASHAPE
9500,1943,VSHAPE
9600,2550,UNIFORM
9600,1732,CONSTANT
9600,1961,ASCENDING
9600,1726,DESCENDING
9600,1761,ASHAPE
9600,1761,VSHAPE
9700,2569,UNIFORM
9700,1810,CONSTANT
9700,1778,ASCENDING
9700,1781,DESCENDING
9700,1742,ASHAPE
9700,1903,VSHAPE
9800,2613,UNIFORM
9800,1768,CONSTANT
9800,1757,ASCENDING
9800,1967,DESCENDING
9800,1780,ASHAPE
9800,1764,VSHAPE
9900,2886,UNIFORM
9900,1784,CONSTANT
9900,1816,ASCENDING
9900,1791,DESCENDING
9900,1817,ASHAPE
9900,1765,VSHAPE
10000,2659,UNIFORM
10000,1808,CONSTANT
10000,2063,ASCENDING
10000,1787,DESCENDING
10000,1866,ASHAPE
10000,1792,VSHAPE
10100,2750,UNIFORM
10100,2244,CONSTANT
10100,2291,ASCENDING
10100,1849,DESCENDING
10100,1939,ASHAPE
10100,1812,VSHAPE
10200,2665,UNIFORM
10200,2024,CONSTANT
10200,1824,ASCENDING
10200,1845,DESCENDING
10200,1823,ASHAPE
10200,1848,VSHAPE
10300,2857,UNIFORM
10300,1886,CONSTANT
10300,1842,ASCENDING
10300,1936,DESCENDING
10300,1848,ASHAPE
10300,1883,VSHAPE
10400,2817,UNIFORM
10400,1996,CONSTANT
10400,1870,ASCENDING
10400,1894,DESCENDING
10400,1869,ASHAPE
10400,2265,VSHAPE
10500,3335,UNIFORM
10500,2020,CONSTANT
10500,1950,ASCENDING
10500,1886,DESCENDING
10500,1945,ASHAPE
10500,1893,VSHAPE
10600,3286,UNIFORM
10600,2058,CONSTANT
10600,1992,ASCENDING
10600,1916,DESCENDING
10600,1941,ASHAPE
10600,1909,VSHAPE
10700,2920,UNIFORM
10700,1931,CONSTANT
10700,1957,ASCENDING
10700,2022,DESCENDING
10700,2034,ASHAPE
10700,2024,VSHAPE
10800,2902,UNIFORM
10800,1984,CONSTANT
10800,1984,ASCENDING
10800,1984,DESCENDING
10800,2003,ASHAPE
10800,1971,VSHAPE
10900,2878,UNIFORM
10900,2011,CONSTANT
10900,2137,ASCENDING
10900,2316,DESCENDING
10900,2464,ASHAPE
10900,1965,VSHAPE
11000,2950,UNIFORM
11000,2041,CONSTANT
11000,2001,ASCENDING
11000,2112,DESCENDING
11000,1989,ASHAPE
11000,2044,VSHAPE
11100,2944,UNIFORM
11100,2051,CONSTANT
11100,2229,ASCENDING
11100,2050,DESCENDING
11100,2005,ASHAPE
11100,2019,VSHAPE
11200,3842,UNIFORM
11200,2093,CONSTANT
11200,2038,ASCENDING
11200,2065,DESCENDING
11200,2031,ASHAPE
11200,2092,VSHAPE
11300,3467,UNIFORM
11300,2572,CONSTANT
11300,2094,ASCENDING
11300,2053,DESCENDING
11300,2098,ASHAPE
11300,2057,VSHAPE
11400,3771,UNIFORM
11400,2108,CONSTANT
11400,2100,ASCENDING
11400,2111,DESCENDING
11400,2067,ASHAPE
11400,2105,VSHAPE
11500,3080,UNIFORM
11500,2117,CONSTANT
11500,2307,ASCENDING
11500,2132,DESCENDING
11500,2147,ASHAPE
11500,2080,VSHAPE
11600,3106,UNIFORM
11600,2156,CONSTANT
11600,2197,ASCENDING
11600,2148,DESCENDING
11600,2117,ASHAPE
11600,2123,VSHAPE
11700,3726,UNIFORM
11700,2260,CONSTANT
11700,2170,ASCENDING
11700,2185,DESCENDING
11700,2110,ASHAPE
11700,2189,VSHAPE
11800,3259,UNIFORM
11800,2165,CONSTANT
11800,2163,ASCENDING
11800,2118,DESCENDING
11800,2153,ASHAPE
11800,2118,VSHAPE
11900,3189,UNIFORM
11900,2140,CONSTANT
11900,2183,ASCENDING
11900,2161,DESCENDING
11900,2173,ASHAPE
11900,2275,VSHAPE
12000,3409,UNIFORM
12000,2161,CONSTANT
12000,2210,ASCENDING
12000,2155,DESCENDING
12000,2194,ASHAPE
12000,2183,VSHAPE
12100,3526,UNIFORM
12100,2221,CONSTANT
12100,2194,ASCENDING
12100,2196,DESCENDING
12100,2266,ASHAPE
12100,2212,VSHAPE
12200,3310,UNIFORM
12200,2195,CONSTANT
12200,2223,ASCENDING
12200,2259,DESCENDING
12200,2326,ASHAPE
12200,2244,VSHAPE
12300,3304,UNIFORM
12300,2312,CONSTANT
12300,2227,ASCENDING
12300,2765,DESCENDING
12300,2688,ASHAPE
12300,2268,VSHAPE
12400,3582,UNIFORM
12400,2242,CONSTANT
12400,2308,ASCENDING
12400,2238,DESCENDING
12400,2287,ASHAPE
12400,2305,VSHAPE
12500,3378,UNIFORM
12500,3207,CONSTANT
12500,2275,ASCENDING
12500,2322,DESCENDING
12500,2275,ASHAPE
12500,2306,VSHAPE
12600,3541,UNIFORM
12600,2315,CONSTANT
12600,2314,ASCENDING
12600,2325,DESCENDING
12600,2320,ASHAPE
12600,3186,VSHAPE
12700,3457,UNIFORM
12700,2359,CONSTANT
12700,2318,ASCENDING
12700,2347,DESCENDING
12700,2356,ASHAPE
12700,3157,VSHAPE
12800,3490,UNIFORM
12800,2365,CONSTANT
12800,2325,ASCENDING
12800,2462,DESCENDING
12800,3125,ASHAPE
12800,2328,VSHAPE
12900,3512,UNIFORM
12900,2354,CONSTANT
12900,2380,ASCENDING
12900,2447,DESCENDING
12900,2568,ASHAPE
12900,2403,VSHAPE
13000,3530,UNIFORM
13000,2410,CONSTANT
13000,2413,ASCENDING
13000,2421,DESCENDING
13000,2460,ASHAPE
13000,2372,VSHAPE
13100,4253,UNIFORM
13100,2478,CONSTANT
13100,2434,ASCENDING
13100,2381,DESCENDING
13100,2513,ASHAPE
13100,2667,VSHAPE
13200,3596,UNIFORM
13200,2440,CONSTANT
13200,2637,ASCENDING
13200,3096,DESCENDING
13200,2469,ASHAPE
13200,2411,VSHAPE
13300,3670,UNIFORM
13300,2467,CONSTANT
13300,2470,ASCENDING
13300,2446,DESCENDING
13300,2466,ASHAPE
13300,3221,VSHAPE
13400,3655,UNIFORM
13400,2474,CONSTANT
13400,2427,ASCENDING
13400,2545,DESCENDING
13400,2471,ASHAPE
13400,3372,VSHAPE
13500,3977,UNIFORM
13500,3346,CONSTANT
13500,2849,ASCENDING
13500,2827,DESCENDING
13500,2825,ASHAPE
13500,2850,VSHAPE
13600,3875,UNIFORM
13600,2531,CONSTANT
13600,2537,ASCENDING
13600,2527,DESCENDING
13600,2469,ASHAPE
13600,2514,VSHAPE
13700,3733,UNIFORM
13700,2511,CONSTANT
13700,2747,ASCENDING
13700,2891,DESCENDING
13700,3214,ASHAPE
13700,2879,VSHAPE
13800,3776,UNIFORM
13800,2517,CONSTANT
13800,2555,ASCENDING
13800,2640,DESCENDING
13800,2512,ASHAPE
13800,2540,VSHAPE
13900,3873,UNIFORM
13900,2801,CONSTANT
13900,2588,ASCENDING
13900,2519,DESCENDING
13900,2608,ASHAPE
13900,2612,VSHAPE
14000,3870,UNIFORM
14000,2805,CONSTANT
14000,2587,ASCENDING
14000,2836,DESCENDING
14000,2911,ASHAPE
14000,2616,VSHAPE
14100,3842,UNIFORM
14100,2643,CONSTANT
14100,2610,ASCENDING
14100,2704,DESCENDING
14100,2586,ASHAPE
14100,2612,VSHAPE
14200,3947,UNIFORM
14200,2652,CONSTANT
14200,2636,ASCENDING
14200,2586,DESCENDING
14200,3009,ASHAPE
14200,3094,VSHAPE
14300,4037,UNIFORM
14300,3129,CONSTANT
14300,2973,ASCENDING
14300,2941,DESCENDING
14300,2645,ASHAPE
14300,2677,VSHAPE
14400,3936,UNIFORM
14400,3406,CONSTANT
14400,2722,ASCENDING
14400,2611,DESCENDING
14400,2667,ASHAPE
14400,2658,VSHAPE
14500,4099,UNIFORM
14500,3039,CONSTANT
14500,3055,ASCENDING
14500,2972,DESCENDING
14500,3303,ASHAPE
14500,2641,VSHAPE
14600,4017,UNIFORM
14600,2689,CONSTANT
14600,2665,ASCENDING
14600,2735,DESCENDING
14600,3545,ASHAPE
14600,2720,VSHAPE
14700,4082,UNIFORM
14700,3567,CONSTANT
14700,2754,ASCENDING
14700,3087,DESCENDING
14700,3079,ASHAPE
14700,3081,VSHAPE
14800,4301,UNIFORM
14800,2751,CONSTANT
14800,2703,ASCENDING
14800,2725,DESCENDING
14800,2749,ASHAPE
14800,2713,VSHAPE
14900,4076,UNIFORM
14900,2734,CONSTANT
14900,3019,ASCENDING
14900,3616,DESCENDING
14900,3131,ASHAPE
14900,2874,VSHAPE
15000,4104,UNIFORM
15000,2805,CONSTANT
15000,2892,ASCENDING
15000,2776,DESCENDING
15000,2810,ASHAPE
15000,2809,VSHAPE
15100,4212,UNIFORM
15100,2799,CONSTANT
15100,2761,ASCENDING
15100,2802,DESCENDING
15100,2807,ASHAPE
15100,2972,VSHAPE
15200,4154,UNIFORM
15200,2837,CONSTANT
15200,2900,ASCENDING
15200,3228,DESCENDING
15200,2899,ASHAPE
15200,2817,VSHAPE
15300,4779,UNIFORM
15300,2817,CONSTANT
15300,2830,ASCENDING
15300,2819,DESCENDING
15300,3505,ASHAPE
15300,2976,VSHAPE
15400,4247,UNIFORM
15400,3024,CONSTANT
15400,3424,ASCENDING
15400,3239,DESCENDING
15400,2869,ASHAPE
15400,2816,VSHAPE
15500,4245,UNIFORM
15500,2884,CONSTANT
15500,2834,ASCENDING
15500,3503,DESCENDING
15500,2892,ASHAPE
15500,2881,VSHAPE
15600,4270,UNIFORM
15600,2853,CONSTANT
15600,2892,ASCENDING
15600,3809,DESCENDING
15600,2900,ASHAPE
15600,3097,VSHAPE
15700,4340,UNIFORM
15700,2909,CONSTANT
15700,2908,ASCENDING
15700,3598,DESCENDING
15700,2868,ASHAPE
15700,2904,VSHAPE
15800,4847,UNIFORM
15800,2893,CONSTANT
15800,3164,ASCENDING
15800,3306,DESCENDING
15800,3288,ASHAPE
15800,3067,VSHAPE
15900,4544,UNIFORM
15900,3027,CONSTANT
15900,2894,ASCENDING
15900,2952,DESCENDING
15900,2939,ASHAPE
15900,3120,VSHAPE
16000,4433,UNIFORM
16000,3344,CONSTANT
16000,3730,ASCENDING
16000,3252,DESCENDING
16000,2922,ASHAPE
16000,3056,VSHAPE
16100,4445,UNIFORM
16100,2937,CONSTANT
16100,2925,ASCENDING
16100,2965,DESCENDING
16100,3553,ASHAPE
16100,3408,VSHAPE
16200,4426,UNIFORM
16200,2979,CONSTANT
16200,2947,ASCENDING
16200,2972,DESCENDING
16200,3920,ASHAPE
16200,3014,VSHAPE
16300,5172,UNIFORM
16300,3050,CONSTANT
16300,3077,ASCENDING
16300,3012,DESCENDING
16300,3063,ASHAPE
16300,3194,VSHAPE
16400,4503,UNIFORM
16400,3023,CONSTANT
16400,3540,ASCENDING
16400,3040,DESCENDING
16400,3079,ASHAPE
16400,3155,VSHAPE
16500,4591,UNIFORM
16500,3012,CONSTANT
16500,3048,ASCENDING
16500,3381,DESCENDING
16500,3518,ASHAPE
16500,3117,VSHAPE
16600,4590,UNIFORM
16600,3113,CONSTANT
16600,3282,ASCENDING
16600,3073,DESCENDING
16600,3067,ASHAPE
16600,3074,VSHAPE
16700,4669,UNIFORM
16700,3150,CONSTANT
16700,3301,ASCENDING
16700,3134,DESCENDING
16700,3118,ASHAPE
16700,3296,VSHAPE
16800,4756,UNIFORM
16800,3201,CONSTANT
16800,3123,ASCENDING
16800,3126,DESCENDING
16800,3130,ASHAPE
16800,3138,VSHAPE
16900,4666,UNIFORM
16900,3233,CONSTANT
16900,3091,ASCENDING
16900,3153,DESCENDING
16900,3525,ASHAPE
16900,3583,VSHAPE
17000,4840,UNIFORM
17000,3152,CONSTANT
17000,3233,ASCENDING
17000,3310,DESCENDING
17000,3213,ASHAPE
17000,5303,VSHAPE
17100,4756,UNIFORM
17100,3144,CONSTANT
17100,3694,ASCENDING
17100,3489,DESCENDING
17100,3623,ASHAPE
17100,3376,VSHAPE
17200,4781,UNIFORM
17200,4057,CONSTANT
17200,3255,ASCENDING
17200,3228,DESCENDING
17200,3322,ASHAPE
17200,3235,VSHAPE
17300,5432,UNIFORM
17300,3267,CONSTANT
17300,3220,ASCENDING
17300,3457,DESCENDING
17300,3396,ASHAPE
17300,6371,VSHAPE
17400,4829,UNIFORM
17400,3271,CONSTANT
17400,3293,ASCENDING
17400,3365,DESCENDING
17400,3282,ASHAPE
17400,3275,VSHAPE
17500,5750,UNIFORM
17500,3497,CONSTANT
17500,3307,ASCENDING
17500,3338,DESCENDING
17500,3320,ASHAPE
17500,3390,VSHAPE
17600,4870,UNIFORM
17600,3315,CONSTANT
17600,3476,ASCENDING
17600,3932,DESCENDING
17600,3304,ASHAPE
17600,3432,VSHAPE
17700,4936,UNIFORM
17700,3302,CONSTANT
17700,3301,ASCENDING
17700,3437,DESCENDING
17700,4030,ASHAPE
17700,3298,VSHAPE
17800,5562,UNIFORM
17800,3321,CONSTANT
17800,4328,ASCENDING
17800,3776,DESCENDING
17800,3635,ASHAPE
17800,3356,VSHAPE
17900,5152,UNIFORM
17900,3371,CONSTANT
17900,3297,ASCENDING
17900,3297,DESCENDING
17900,3385,ASHAPE
17900,3479,VSHAPE
18000,4974,UNIFORM
18000,3345,CONSTANT
18000,4083,ASCENDING
18000,3833,DESCENDING
18000,3708,ASHAPE
18000,3518,VSHAPE
18100,5121,UNIFORM
18100,3344,CONSTANT
18100,3362,ASCENDING
18100,3366,DESCENDING
18100,4241,ASHAPE
18100,3420,VSHAPE
18200,5119,UNIFORM
18200,3390,CONSTANT
18200,3691,ASCENDING
18200,3688,DESCENDING
18200,3936,ASHAPE
18200,3438,VSHAPE
18300,5096,UNIFORM
18300,3440,CONSTANT
18300,4545,ASCENDING
18300,5962,DESCENDING
18300,3415,ASHAPE
18300,3475,VSHAPE
18400,5711,UNIFORM
18400,3567,CONSTANT
18400,3437,ASCENDING
18400,3451,DESCENDING
18400,3579,ASHAPE
18400,3473,VSHAPE
18500,5896,UNIFORM
18500,3466,CONSTANT
18500,3561,ASCENDING
18500,3457,DESCENDING
18500,3629,ASHAPE
18500,3407,VSHAPE
18600,5223,UNIFORM
18600,3463,CONSTANT
18600,4359,ASCENDING
18600,3420,DESCENDING
18600,3546,ASHAPE
18600,3488,VSHAPE
18700,6072,UNIFORM
18700,3495,CONSTANT
18700,3570,ASCENDING
18700,3673,DESCENDING
18700,4093,ASHAPE
18700,3494,VSHAPE
18800,5408,UNIFORM
18800,3514,CONSTANT
18800,3513,ASCENDING
18800,3534,DESCENDING
18800,3662,ASHAPE
18800,3521,VSHAPE
18900,5311,UNIFORM
18900,3560,CONSTANT
18900,4189,ASCENDING
18900,3661,DESCENDING
18900,3711,ASHAPE
18900,4065,VSHAPE
19000,5378,UNIFORM
19000,3577,CONSTANT
19000,3576,ASCENDING
19000,3608,DESCENDING
19000,4140,ASHAPE
19000,3568,VSHAPE
19100,5775,UNIFORM
19100,3839,CONSTANT
19100,3612,ASCENDING
19100,4450,DESCENDING
19100,3578,ASHAPE
19100,3657,VSHAPE
19200,5479,UNIFORM
19200,3660,CONSTANT
19200,3764,ASCENDING
19200,3596,DESCENDING
19200,3610,ASHAPE
19200,3680,VSHAPE
19300,5598,UNIFORM
19300,3784,CONSTANT
19300,3623,ASCENDING
19300,3647,DESCENDING
19300,3591,ASHAPE
19300,4405,VSHAPE
19400,5589,UNIFORM
19400,3705,CONSTANT
19400,3684,ASCENDING
19400,3693,DESCENDING
19400,3674,ASHAPE
19400,3826,VSHAPE
19500,5470,UNIFORM
19500,4200,CONSTANT
19500,3850,ASCENDING
19500,3651,DESCENDING
19500,3697,ASHAPE
19500,3777,VSHAPE
19600,5612,UNIFORM
19600,5776,CONSTANT
19600,3676,ASCENDING
19600,4023,DESCENDING
19600,3953,ASHAPE
19600,3717,VSHAPE
19700,5517,UNIFORM
19700,3886,CONSTANT
19700,4038,ASCENDING
19700,3685,DESCENDING
19700,4475,ASHAPE
19700,4256,VSHAPE
19800,5527,UNIFORM
19800,3825,CONSTANT
19800,3713,ASCENDING
19800,3708,DESCENDING
19800,3758,ASHAPE
19800,4281,VSHAPE
19900,5820,UNIFORM
19900,4244,CONSTANT
19900,4433,ASCENDING
19900,4236,DESCENDING
19900,4240,ASHAPE
19900,3961,VSHAPE
20000,5724,UNIFORM
20000,3821,CONSTANT
20000,3754,ASCENDING
20000,3822,DESCENDING
20000,3836,ASHAPE
20000,4350,VSHAPE
20100,5997,UNIFORM
20100,4283,CONSTANT
20100,4391,ASCENDING
20100,4425,DESCENDING
20100,4408,ASHAPE
20100,3864,VSHAPE
20200,6522,UNIFORM
20200,4015,CONSTANT
20200,3811,ASCENDING
20200,3779,DESCENDING
20200,3814,ASHAPE
20200,4234,VSHAPE
20300,5687,UNIFORM
20300,3945,CONSTANT
20300,3811,ASCENDING
20300,3931,DESCENDING
20300,3873,ASHAPE
20300,3815,VSHAPE
20400,5757,UNIFORM
20400,3978,CONSTANT
20400,4098,ASCENDING
20400,4345,DESCENDING
20400,4349,ASHAPE
20400,4367,VSHAPE
20500,5733,UNIFORM
20500,3873,CONSTANT
20500,3843,ASCENDING
20500,4516,DESCENDING
20500,3969,ASHAPE
20500,3875,VSHAPE
20600,6199,UNIFORM
20600,4124,CONSTANT
20600,3909,ASCENDING
20600,4022,DESCENDING
20600,4121,ASHAPE
20600,4490,VSHAPE
20700,6331,UNIFORM
20700,3940,CONSTANT
20700,4211,ASCENDING
20700,3935,DESCENDING
20700,4482,ASHAPE
20700,4533,VSHAPE
20800,6331,UNIFORM
20800,3986,CONSTANT
20800,4378,ASCENDING
20800,4022,DESCENDING
20800,4105,ASHAPE
20800,4517,VSHAPE
20900,6010,UNIFORM
20900,4039,CONSTANT
20900,4005,ASCENDING
20900,4025,DESCENDING
20900,3943,ASHAPE
20900,3946,VSHAPE
21000,6352,UNIFORM
21000,4023,CONSTANT
21000,3947,ASCENDING
21000,4361,DESCENDING
21000,4202,ASHAPE
21000,4080,VSHAPE
21100,5934,UNIFORM
21100,4011,CONSTANT
21100,4000,ASCENDING
21100,4521,DESCENDING
21100,4267,ASHAPE
21100,4881,VSHAPE
21200,5955,UNIFORM
21200,4043,CONSTANT
21200,4028,ASCENDING
21200,4727,DESCENDING
21200,4489,ASHAPE
21200,4535,VSHAPE
21300,6501,UNIFORM
21300,4045,CONSTANT
21300,4250,ASCENDING
21300,4182,DESCENDING
21300,4698,ASHAPE
21300,4668,VSHAPE
21400,6102,UNIFORM
21400,4341,CONSTANT
21400,4179,ASCENDING
21400,4041,DESCENDING
21400,4073,ASHAPE
21400,4677,VSHAPE
21500,6024,UNIFORM
21500,4246,CONSTANT
21500,4070,ASCENDING
21500,4271,DESCENDING
21500,4076,ASHAPE
21500,4109,VSHAPE
21600,6155,UNIFORM
21600,4089,CONSTANT
21600,4196,ASCENDING
21600,4075,DESCENDING
21600,4089,ASHAPE
21600,4094,VSHAPE
21700,6210,UNIFORM
21700,4099,CONSTANT
21700,4098,ASCENDING
21700,4660,DESCENDING
21700,4139,ASHAPE
21700,4521,VSHAPE
21800,6546,UNIFORM
21800,4341,CONSTANT
21800,4218,ASCENDING
21800,4094,DESCENDING
21800,4266,ASHAPE
21800,4199,VSHAPE
21900,6597,UNIFORM
21900,4269,CONSTANT
21900,4480,ASCENDING
21900,4352,DESCENDING
21900,4291,ASHAPE
21900,4725,VSHAPE
22000,6610,UNIFORM
22000,4289,CONSTANT
22000,4265,ASCENDING
22000,4308,DESCENDING
22000,4226,ASHAPE
22000,4273,VSHAPE
22100,6280,UNIFORM
22100,4182,CONSTANT
22100,4334,ASCENDING
22100,4185,DESCENDING
22100,4222,ASHAPE
22100,4233,VSHAPE
22200,6338,UNIFORM
22200,4778,CONSTANT
22200,4913,ASCENDING
22200,4802,DESCENDING
22200,4780,ASHAPE
22200,4767,VSHAPE
22300,6472,UNIFORM
22300,4272,CONSTANT
22300,4379,ASCENDING
22300,4344,DESCENDING
22300,4253,ASHAPE
22300,4243,VSHAPE
22400,6719,UNIFORM
22400,4328,CONSTANT
22400,4350,ASCENDING
22400,4260,DESCENDING
22400,4273,ASHAPE
22400,4328,VSHAPE
22500,6349,UNIFORM
22500,4345,CONSTANT
22500,4283,ASCENDING
22500,4303,DESCENDING
22500,4299,ASHAPE
22500,4858,VSHAPE
22600,6783,UNIFORM
22600,4322,CONSTANT
22600,4554,ASCENDING
22600,4780,DESCENDING
22600,4893,ASHAPE
22600,4926,VSHAPE
22700,6863,UNIFORM
22700,4317,CONSTANT
22700,4545,ASCENDING
22700,4418,DESCENDING
22700,4451,ASHAPE
22700,4480,VSHAPE
22800,6665,UNIFORM
22800,4468,CONSTANT
22800,4391,ASCENDING
22800,4380,DESCENDING
22800,4528,ASHAPE
22800,4394,VSHAPE
22900,6459,UNIFORM
22900,4368,CONSTANT
22900,4391,ASCENDING
22900,4861,DESCENDING
22900,4673,ASHAPE
22900,4362,VSHAPE
23000,6526,UNIFORM
23000,4382,CONSTANT
23000,4490,ASCENDING
23000,4387,DESCENDING
23000,4380,ASHAPE
23000,4376,VSHAPE
23100,6576,UNIFORM
23100,4415,CONSTANT
23100,4378,ASCENDING
23100,4381,DESCENDING
23100,4968,ASHAPE
23100,4841,VSHAPE
23200,6971,UNIFORM
23200,4500,CONSTANT
23200,4818,ASCENDING
23200,4844,DESCENDING
23200,5165,ASHAPE
23200,5035,VSHAPE
23300,6760,UNIFORM
23300,4537,CONSTANT
23300,4473,ASCENDING
23300,4436,DESCENDING
23300,5118,ASHAPE
23300,4923,VSHAPE
23400,6594,UNIFORM
23400,4546,CONSTANT
23400,4445,ASCENDING
23400,4461,DESCENDING
23400,4597,ASHAPE
23400,4707,VSHAPE
23500,6789,UNIFORM
23500,4498,CONSTANT
23500,4451,ASCENDING
23500,4946,DESCENDING
23500,4621,ASHAPE
23500,4569,VSHAPE
23600,7196,UNIFORM
23600,4564,CONSTANT
23600,4840,ASCENDING
23600,4657,DESCENDING
23600,4518,ASHAPE
23600,4512,VSHAPE
23700,6753,UNIFORM
23700,5136,CONSTANT
23700,5246,ASCENDING
23700,4586,DESCENDING
23700,4657,ASHAPE
23700,4537,VSHAPE
23800,6895,UNIFORM
23800,4547,CONSTANT
23800,4538,ASCENDING
23800,4700,DESCENDING
23800,5229,ASHAPE
23800,5453,VSHAPE
23900,6755,UNIFORM
23900,5195,CONSTANT
23900,5123,ASCENDING
23900,4609,DESCENDING
23900,4785,ASHAPE
23900,4609,VSHAPE
24000,6900,UNIFORM
24000,4563,CONSTANT
24000,4616,ASCENDING
24000,4552,DESCENDING
24000,4567,ASHAPE
24000,4562,VSHAPE
24100,6965,UNIFORM
24100,4558,CONSTANT
24100,4605,ASCENDING
24100,5079,DESCENDING
24100,5392,ASHAPE
24100,5230,VSHAPE
24200,6902,UNIFORM
24200,4865,CONSTANT
24200,5355,ASCENDING
24200,4703,DESCENDING
24200,4574,ASHAPE
24200,4883,VSHAPE
24300,7297,UNIFORM
24300,4629,CONSTANT
24300,7501,ASCENDING
24300,4671,DESCENDING
24300,4599,ASHAPE
24300,4701,VSHAPE
24400,6959,UNIFORM
24400,4891,CONSTANT
24400,5233,ASCENDING
24400,5577,DESCENDING
24400,5684,ASHAPE
24400,5247,VSHAPE
24500,7387,UNIFORM
24500,5135,CONSTANT
24500,4655,ASCENDING
24500,4749,DESCENDING
24500,4768,ASHAPE
24500,4693,VSHAPE
24600,6893,UNIFORM
24600,4851,CONSTANT
24600,4680,ASCENDING
24600,4659,DESCENDING
24600,4687,ASHAPE
24600,5341,VSHAPE
24700,7023,UNIFORM
24700,4672,CONSTANT
24700,4695,ASCENDING
24700,5228,DESCENDING
24700,5679,ASHAPE
24700,5025,VSHAPE
24800,6945,UNIFORM
24800,4734,CONSTANT
24800,4851,ASCENDING
24800,4673,DESCENDING
24800,4770,ASHAPE
24800,5125,VSHAPE
24900,7088,UNIFORM
24900,4738,CONSTANT
24900,4724,ASCENDING
24900,4686,DESCENDING
24900,5279,ASHAPE
24900,5290,VSHAPE
25000,7073,UNIFORM
25000,5464,CONSTANT
25000,4782,ASCENDING
25000,4724,DESCENDING
25000,5006,ASHAPE
25000,4741,VSHAPE
25100,7272,UNIFORM
25100,5626,CONSTANT
25100,5403,ASCENDING
25100,5367,DESCENDING
25100,6015,ASHAPE
25100,5512,VSHAPE
25200,7285,UNIFORM
25200,4784,CONSTANT
25200,4769,ASCENDING
25200,5229,DESCENDING
25200,5321,ASHAPE
25200,4809,VSHAPE
25300,7166,UNIFORM
25300,5363,CONSTANT
25300,5648,ASCENDING
25300,5505,DESCENDING
25300,5546,ASHAPE
25300,5447,VSHAPE
25400,7268,UNIFORM
25400,4871,CONSTANT
25400,5062,ASCENDING
25400,4889,DESCENDING
25400,4833,ASHAPE
25400,5281,VSHAPE
25500,7580,UNIFORM
25500,4955,CONSTANT
25500,4893,ASCENDING
25500,5096,DESCENDING
25500,4944,ASHAPE
25500,4916,VSHAPE
25600,7410,UNIFORM
25600,4892,CONSTANT
25600,4889,ASCENDING
25600,7543,DESCENDING
25600,6709,ASHAPE
25600,5054,VSHAPE
25700,7388,UNIFORM
25700,4925,CONSTANT
25700,4970,ASCENDING
25700,5019,DESCENDING
25700,5574,ASHAPE
25700,5564,VSHAPE
25800,7473,UNIFORM
25800,4952,CONSTANT
25800,4921,ASCENDING
25800,5004,DESCENDING
25800,4976,ASHAPE
25800,4916,VSHAPE
25900,7353,UNIFORM
25900,5056,CONSTANT
25900,5006,ASCENDING
25900,5079,DESCENDING
25900,7669,ASHAPE
25900,6537,VSHAPE
26000,7568,UNIFORM
26000,5238,CONSTANT
26000,4962,ASCENDING
26000,4958,DESCENDING
26000,5459,ASHAPE
26000,5758,VSHAPE
26100,8295,UNIFORM
26100,5046,CONSTANT
26100,5078,ASCENDING
26100,5241,DESCENDING
26100,4988,ASHAPE
26100,5013,VSHAPE
26200,8330,UNIFORM
26200,4993,CONSTANT
26200,5036,ASCENDING
26200,5371,DESCENDING
26200,5015,ASHAPE
26200,7897,VSHAPE
26300,7467,UNIFORM
26300,5056,CONSTANT
26300,5191,ASCENDING
26300,5020,DESCENDING
26300,5026,ASHAPE
26300,5606,VSHAPE
26400,7553,UNIFORM
26400,8088,CONSTANT
26400,5298,ASCENDING
26400,6080,DESCENDING
26400,8401,ASHAPE
26400,8621,VSHAPE
26500,7602,UNIFORM
26500,5063,CONSTANT
26500,5184,ASCENDING
26500,5020,DESCENDING
26500,5040,ASHAPE
26500,5991,VSHAPE
26600,7742,UNIFORM
26600,7883,CONSTANT
26600,7724,ASCENDING
26600,5761,DESCENDING
26600,5835,ASHAPE
26600,5771,VSHAPE
26700,9598,UNIFORM
26700,5121,CONSTANT
26700,5100,ASCENDING
26700,5155,DESCENDING
26700,8526,ASHAPE
26700,5107,VSHAPE
26800,7711,UNIFORM
26800,5229,CONSTANT
26800,5261,ASCENDING
26800,5093,DESCENDING
26800,5104,ASHAPE
26800,5746,VSHAPE
26900,7951,UNIFORM
26900,5128,CONSTANT
26900,5181,ASCENDING
26900,5262,DESCENDING
26900,5633,ASHAPE
26900,5843,VSHAPE
27000,11408,UNIFORM
27000,5745,CONSTANT
27000,5405,ASCENDING
27000,5213,DESCENDING
27000,5939,ASHAPE
27000,5842,VSHAPE
27100,7965,UNIFORM
27100,5230,CONSTANT
27100,5453,ASCENDING
27100,5155,DESCENDING
27100,5177,ASHAPE
27100,5400,VSHAPE
27200,7989,UNIFORM
27200,5363,CONSTANT
27200,5197,ASCENDING
27200,5203,DESCENDING
27200,5379,ASHAPE
27200,5546,VSHAPE
27300,7873,UNIFORM
27300,5421,CONSTANT
27300,5226,ASCENDING
27300,5196,DESCENDING
27300,6155,ASHAPE
27300,5245,VSHAPE
27400,8023,UNIFORM
27400,5626,CONSTANT
27400,5289,ASCENDING
27400,5397,DESCENDING
27400,5303,ASHAPE
27400,8630,VSHAPE
27500,8208,UNIFORM
27500,5281,CONSTANT
27500,5275,ASCENDING
27500,5456,DESCENDING
27500,5258,ASHAPE
27500,5411,VSHAPE
27600,8079,UNIFORM
27600,5302,CONSTANT
27600,5392,ASCENDING
27600,5918,DESCENDING
27600,5596,ASHAPE
27600,5631,VSHAPE
27700,7971,UNIFORM
27700,5447,CONSTANT
27700,5300,ASCENDING
27700,5282,DESCENDING
27700,6223,ASHAPE
27700,5345,VSHAPE
27800,8011,UNIFORM
27800,5390,CONSTANT
27800,5349,ASCENDING
27800,5306,DESCENDING
27800,7927,ASHAPE
27800,9268,VSHAPE
27900,8327,UNIFORM
27900,5688,CONSTANT
27900,5999,ASCENDING
27900,6125,DESCENDING
27900,5975,ASHAPE
27900,5416,VSHAPE
28000,8782,UNIFORM
28000,5456,CONSTANT
28000,5426,ASCENDING
28000,5407,DESCENDING
28000,7648,ASHAPE
28000,8914,VSHAPE
28100,8156,UNIFORM
28100,5355,CONSTANT
28100,5408,ASCENDING
28100,9038,DESCENDING
28100,6178,ASHAPE
28100,6561,VSHAPE
28200,8171,UNIFORM
28200,5520,CONSTANT
28200,5440,ASCENDING
28200,5441,DESCENDING
28200,5407,ASHAPE
28200,6302,VSHAPE
28300,8189,UNIFORM
28300,5589,CONSTANT
28300,6168,ASCENDING
28300,5400,DESCENDING
28300,5436,ASHAPE
28300,6264,VSHAPE
28400,8243,UNIFORM
28400,5486,CONSTANT
28400,6046,ASCENDING
28400,6507,DESCENDING
28400,5796,ASHAPE
28400,6008,VSHAPE
28500,8813,UNIFORM
28500,5535,CONSTANT
28500,5706,ASCENDING
28500,6175,DESCENDING
28500,6223,ASHAPE
28500,6340,VSHAPE
28600,8172,UNIFORM
28600,5492,CONSTANT
28600,5956,ASCENDING
28600,5539,DESCENDING
28600,6049,ASHAPE
28600,5485,VSHAPE
28700,12248,UNIFORM
28700,9273,CONSTANT
28700,9066,ASCENDING
28700,9047,DESCENDING
28700,9249,ASHAPE
28700,5738,VSHAPE
28800,8726,UNIFORM
28800,5549,CONSTANT
28800,5891,ASCENDING
28800,5542,DESCENDING
28800,5673,ASHAPE
28800,5617,VSHAPE
28900,8284,UNIFORM
28900,5587,CONSTANT
28900,6213,ASCENDING
28900,5493,DESCENDING
28900,5899,ASHAPE
28900,5534,VSHAPE
29000,8411,UNIFORM
29000,8400,CONSTANT
29000,6870,ASCENDING
29000,5751,DESCENDING
29000,5645,ASHAPE
29000,5613,VSHAPE
29100,8386,UNIFORM
29100,5718,CONSTANT
29100,5548,ASCENDING
29100,5743,DESCENDING
29100,6661,ASHAPE
29100,5973,VSHAPE
29200,8721,UNIFORM
29200,5677,CONSTANT
29200,5596,ASCENDING
29200,8663,DESCENDING
29200,9655,ASHAPE
29200,5648,VSHAPE
29300,8512,UNIFORM
29300,5866,CONSTANT
29300,5593,ASCENDING
29300,5668,DESCENDING
29300,5791,ASHAPE
29300,5733,VSHAPE
29400,8526,UNIFORM
29400,5623,CONSTANT
29400,5786,ASCENDING
29400,5616,DESCENDING
29400,5695,ASHAPE
29400,7646,VSHAPE
29500,9176,UNIFORM
29500,5855,CONSTANT
29500,5708,ASCENDING
29500,5741,DESCENDING
29500,5639,ASHAPE
29500,5742,VSHAPE
29600,8660,UNIFORM
29600,5695,CONSTANT
29600,5821,ASCENDING
29600,6048,DESCENDING
29600,6425,ASHAPE
29600,6384,VSHAPE
29700,8564,UNIFORM
29700,6378,CONSTANT
29700,5727,ASCENDING
29700,6089,DESCENDING
29700,6592,ASHAPE
29700,6600,VSHAPE
29800,8620,UNIFORM
29800,5886,CONSTANT
29800,6045,ASCENDING
29800,5833,DESCENDING
29800,5975,ASHAPE
29800,5779,VSHAPE
29900,8928,UNIFORM
29900,5987,CONSTANT
29900,5920,ASCENDING
29900,6405,DESCENDING
29900,8852,ASHAPE
29900,5934,VSHAPE
30000,8780,UNIFORM
30000,5895,CONSTANT
30000,5795,ASCENDING
30000,5707,DESCENDING
30000,6107,ASHAPE
30000,6035,VSHAPE
30100,8757,UNIFORM
30100,5917,CONSTANT
30100,6518,ASCENDING
30100,6150,DESCENDING
30100,6080,ASHAPE
30100,6005,VSHAPE
30200,9137,UNIFORM
30200,6339,CONSTANT
30200,6137,ASCENDING
30200,5951,DESCENDING
30200,5990,ASHAPE
30200,6038,VSHAPE
30300,8904,UNIFORM
30300,5933,CONSTANT
30300,5847,ASCENDING
30300,6528,DESCENDING
30300,6421,ASHAPE
30300,5866,VSHAPE
30400,8886,UNIFORM
30400,5866,CONSTANT
30400,6055,ASCENDING
30400,6183,DESCENDING
30400,6295,ASHAPE
30400,6081,VSHAPE
30500,9093,UNIFORM
30500,6112,CONSTANT
30500,6051,ASCENDING
30500,6245,DESCENDING
30500,5994,ASHAPE
30500,6476,VSHAPE
30600,9039,UNIFORM
30600,5926,CONSTANT
30600,6598,ASCENDING
30600,6340,DESCENDING
30600,5985,ASHAPE
30600,6306,VSHAPE
30700,8937,UNIFORM
30700,6604,CONSTANT
30700,6294,ASCENDING
30700,6214,DESCENDING
30700,6300,ASHAPE
30700,5975,VSHAPE
30800,9127,UNIFORM
30800,5985,CONSTANT
30800,6110,ASCENDING
30800,6613,DESCENDING
30800,6648,ASHAPE
30800,6782,VSHAPE
30900,9568,UNIFORM
30900,6539,CONSTANT
30900,6819,ASCENDING
30900,6134,DESCENDING
30900,6245,ASHAPE
30900,6715,VSHAPE
31000,9120,UNIFORM
31000,6566,CONSTANT
31000,6841,ASCENDING
31000,6176,DESCENDING
31000,6300,ASHAPE
31000,6128,VSHAPE
31100,13653,UNIFORM
31100,9382,CONSTANT
31100,10187,ASCENDING
31100,9999,DESCENDING
31100,9976,ASHAPE
31100,10286,VSHAPE
31200,9109,UNIFORM
31200,6217,CONSTANT
31200,6038,ASCENDING
31200,6031,DESCENDING
31200,6124,ASHAPE
31200,6044,VSHAPE
31300,11896,UNIFORM
31300,6625,CONSTANT
31300,6081,ASCENDING
31300,6159,DESCENDING
31300,6282,ASHAPE
31300,6054,VSHAPE
31400,9134,UNIFORM
31400,6644,CONSTANT
31400,6123,ASCENDING
31400,6226,DESCENDING
31400,6094,ASHAPE
31400,6086,VSHAPE
31500,9215,UNIFORM
31500,6100,CONSTANT
31500,6153,ASCENDING
31500,6096,DESCENDING
31500,6110,ASHAPE
31500,6575,VSHAPE
31600,9299,UNIFORM
31600,6175,CONSTANT
31600,6064,ASCENDING
31600,6232,DESCENDING
31600,6041,ASHAPE
31600,6341,VSHAPE
31700,9877,UNIFORM
31700,6229,CONSTANT
31700,6808,ASCENDING
31700,6887,DESCENDING
31700,6906,ASHAPE
31700,6091,VSHAPE
31800,12110,UNIFORM
31800,6336,CONSTANT
31800,6117,ASCENDING
31800,6202,DESCENDING
31800,6106,ASHAPE
31800,6121,VSHAPE
31900,9516,UNIFORM
31900,6161,CONSTANT
31900,6325,ASCENDING
31900,6089,DESCENDING
31900,6993,ASHAPE
31900,6951,VSHAPE
32000,9823,UNIFORM
32000,6101,CONSTANT
32000,6285,ASCENDING
32000,6250,DESCENDING
32000,6176,ASHAPE
32000,6283,VSHAPE
32100,9388,UNIFORM
32100,6225,CONSTANT
32100,6830,ASCENDING
32100,6183,DESCENDING
32100,6223,ASHAPE
32100,6357,VSHAPE
32200,9840,UNIFORM
32200,6244,CONSTANT
32200,6216,ASCENDING
32200,6399,DESCENDING
32200,6211,ASHAPE
32200,6443,VSHAPE
32300,9530,UNIFORM
32300,6209,CONSTANT
32300,6341,ASCENDING
32300,6233,DESCENDING
32300,6182,ASHAPE
32300,6720,VSHAPE
32400,9859,UNIFORM
32400,6278,CONSTANT
32400,6499,ASCENDING
32400,6281,DESCENDING
32400,6258,ASHAPE
32400,6365,VSHAPE
32500,9415,UNIFORM
32500,6468,CONSTANT
32500,6297,ASCENDING
32500,6845,DESCENDING
32500,6266,ASHAPE
32500,6318,VSHAPE
32600,9902,UNIFORM
32600,6319,CONSTANT
32600,6531,ASCENDING
32600,6278,DESCENDING
32600,6477,ASHAPE
32600,6344,VSHAPE
32700,9789,UNIFORM
32700,6375,CONSTANT
32700,6493,ASCENDING
32700,6336,DESCENDING
32700,6705,ASHAPE
32700,6331,VSHAPE
32800,12384,UNIFORM
32800,6284,CONSTANT
32800,6774,ASCENDING
32800,6283,DESCENDING
32800,6453,ASHAPE
32800,6289,VSHAPE
32900,10110,UNIFORM
32900,6377,CONSTANT
32900,6532,ASCENDING
32900,6376,DESCENDING
32900,6536,ASHAPE
32900,6338,VSHAPE
33000,9498,UNIFORM
33000,6595,CONSTANT
33000,6467,ASCENDING
33000,7024,DESCENDING
33000,6477,ASHAPE
33000,6423,VSHAPE
33100,10114,UNIFORM
33100,6449,CONSTANT
33100,6521,ASCENDING
33100,6416,DESCENDING
33100,6513,ASHAPE
33100,6479,VSHAPE
33200,9745,UNIFORM
33200,6875,CONSTANT
33200,6425,ASCENDING
33200,6586,DESCENDING
33200,6461,ASHAPE
33200,6569,VSHAPE
33300,10164,UNIFORM
33300,6472,CONSTANT
33300,6399,ASCENDING
33300,6466,DESCENDING
33300,6558,ASHAPE
33300,6519,VSHAPE
33400,9829,UNIFORM
33400,6426,CONSTANT
33400,6974,ASCENDING
33400,6556,DESCENDING
33400,6567,ASHAPE
33400,6440,VSHAPE
33500,10220,UNIFORM
33500,6533,CONSTANT
33500,6560,ASCENDING
33500,6588,DESCENDING
33500,6487,ASHAPE
33500,6563,VSHAPE
33600,9869,UNIFORM
33600,6447,CONSTANT
33600,6661,ASCENDING
33600,6654,DESCENDING
33600,7356,ASHAPE
33600,7868,VSHAPE
33700,9864,UNIFORM
33700,6494,CONSTANT
33700,6966,ASCENDING
33700,6541,DESCENDING
33700,6531,ASHAPE
33700,6602,VSHAPE
33800,9886,UNIFORM
33800,7048,CONSTANT
33800,6583,ASCENDING
33800,6550,DESCENDING
33800,6678,ASHAPE
33800,6497,VSHAPE
33900,10129,UNIFORM
33900,8779,CONSTANT
33900,7565,ASCENDING
33900,7993,DESCENDING
33900,8027,ASHAPE
33900,7432,VSHAPE
34000,9857,UNIFORM
34000,6706,CONSTANT
34000,6553,ASCENDING
34000,6966,DESCENDING
34000,7814,ASHAPE
34000,7461,VSHAPE
34100,9939,UNIFORM
34100,7112,CONSTANT
34100,6595,ASCENDING
34100,6780,DESCENDING
34100,6578,ASHAPE
34100,6696,VSHAPE
34200,10062,UNIFORM
34200,6615,CONSTANT
34200,7964,ASCENDING
34200,7450,DESCENDING
34200,7572,ASHAPE
34200,7473,VSHAPE
34300,9992,UNIFORM
34300,6749,CONSTANT
34300,6633,ASCENDING
34300,7001,DESCENDING
34300,6742,ASHAPE
34300,6700,VSHAPE
34400,10090,UNIFORM
34400,6993,CONSTANT
34400,7711,ASCENDING
34400,8437,DESCENDING
34400,7810,ASHAPE
34400,7232,VSHAPE
34500,10154,UNIFORM
34500,6618,CONSTANT
34500,7172,ASCENDING
34500,7460,DESCENDING
34500,7756,ASHAPE
34500,7590,VSHAPE
34600,10122,UNIFORM
34600,6901,CONSTANT
34600,6649,ASCENDING
34600,6831,DESCENDING
34600,6712,ASHAPE
34600,6711,VSHAPE
34700,10319,UNIFORM
34700,6821,CONSTANT
34700,6658,ASCENDING
34700,6889,DESCENDING
34700,7333,ASHAPE
34700,7733,VSHAPE
34800,10624,UNIFORM
34800,6730,CONSTANT
34800,6865,ASCENDING
34800,6675,DESCENDING
34800,7282,ASHAPE
34800,7579,VSHAPE
34900,10374,UNIFORM
34900,6703,CONSTANT
34900,6749,ASCENDING
34900,6875,DESCENDING
34900,6749,ASHAPE
34900,7298,VSHAPE
35000,10414,UNIFORM
35000,6892,CONSTANT
35000,7266,ASCENDING
35000,7405,DESCENDING
35000,6733,ASHAPE
35000,7756,VSHAPE
35100,10393,UNIFORM
35100,6827,CONSTANT
35100,6897,ASCENDING
35100,6798,DESCENDING
35100,7485,ASHAPE
35100,8168,VSHAPE
35200,10403,UNIFORM
35200,6885,CONSTANT
35200,6931,ASCENDING
35200,8496,DESCENDING
35200,7160,ASHAPE
35200,6848,VSHAPE
35300,10262,UNIFORM
35300,7446,CONSTANT
35300,6819,ASCENDING
35300,7028,DESCENDING
35300,6956,ASHAPE
35300,7715,VSHAPE
35400,10493,UNIFORM
35400,6817,CONSTANT
35400,7573,ASCENDING
35400,7747,DESCENDING
35400,7979,ASHAPE
35400,7530,VSHAPE
35500,10440,UNIFORM
35500,6877,CONSTANT
35500,6876,ASCENDING
35500,6936,DESCENDING
35500,6919,ASHAPE
35500,7361,VSHAPE
35600,11055,UNIFORM
35600,8108,CONSTANT
35600,7134,ASCENDING
35600,7794,DESCENDING
35600,7827,ASHAPE
35600,7764,VSHAPE
35700,10601,UNIFORM
35700,6971,CONSTANT
35700,7582,ASCENDING
35700,6909,DESCENDING
35700,7143,ASHAPE
35700,6917,VSHAPE
35800,10928,UNIFORM
35800,6900,CONSTANT
35800,7077,ASCENDING
35800,6917,DESCENDING
35800,7120,ASHAPE
35800,7661,VSHAPE
35900,13291,UNIFORM
35900,7452,CONSTANT
35900,6957,ASCENDING
35900,6985,DESCENDING
35900,7577,ASHAPE
35900,7931,VSHAPE
36000,11072,UNIFORM
36000,7200,CONSTANT
36000,6953,ASCENDING
36000,7023,DESCENDING
36000,7144,ASHAPE
36000,9802,VSHAPE
36100,11023,UNIFORM
36100,7135,CONSTANT
36100,7184,ASCENDING
36100,7428,DESCENDING
36100,7973,ASHAPE
36100,7387,VSHAPE
36200,10555,UNIFORM
36200,7140,CONSTANT
36200,6995,ASCENDING
36200,7778,DESCENDING
36200,7425,ASHAPE
36200,7924,VSHAPE
36300,11560,UNIFORM
36300,7029,CONSTANT
36300,7219,ASCENDING
36300,7120,DESCENDING
36300,7698,ASHAPE
36300,7659,VSHAPE
36400,10691,UNIFORM
36400,7561,CONSTANT
36400,7032,ASCENDING
36400,7604,DESCENDING
36400,7819,ASHAPE
36400,7506,VSHAPE
36500,11190,UNIFORM
36500,7153,CONSTANT
36500,7277,ASCENDING
36500,7064,DESCENDING
36500,7182,ASHAPE
36500,7053,VSHAPE
36600,10748,UNIFORM
36600,7475,CONSTANT
36600,8240,ASCENDING
36600,7641,DESCENDING
36600,7484,ASHAPE
36600,7357,VSHAPE
36700,10722,UNIFORM
36700,7715,CONSTANT
36700,10485,ASCENDING
36700,7690,DESCENDING
36700,7147,ASHAPE
36700,7216,VSHAPE
36800,11212,UNIFORM
36800,7156,CONSTANT
36800,7814,ASCENDING
36800,8038,DESCENDING
36800,7738,ASHAPE
36800,7479,VSHAPE
36900,10849,UNIFORM
36900,7151,CONSTANT
36900,7304,ASCENDING
36900,7111,DESCENDING
36900,7969,ASHAPE
36900,8704,VSHAPE
37000,10977,UNIFORM
37000,7230,CONSTANT
37000,7834,ASCENDING
37000,7214,DESCENDING
37000,7435,ASHAPE
37000,7277,VSHAPE
37100,10996,UNIFORM
37100,7272,CONSTANT
37100,7314,ASCENDING
37100,7154,DESCENDING
37100,8109,ASHAPE
37100,8331,VSHAPE
37200,10888,UNIFORM
37200,7788,CONSTANT
37200,7268,ASCENDING
37200,7288,DESCENDING
37200,7256,ASHAPE
37200,7419,VSHAPE
37300,10929,UNIFORM
37300,7422,CONSTANT
37300,11089,ASCENDING
37300,8549,DESCENDING
37300,7383,ASHAPE
37300,8163,VSHAPE
37400,10958,UNIFORM
37400,7980,CONSTANT
37400,7362,ASCENDING
37400,7451,DESCENDING
37400,7263,ASHAPE
37400,8213,VSHAPE
37500,11048,UNIFORM
37500,7583,CONSTANT
37500,7259,ASCENDING
37500,7392,DESCENDING
37500,7724,ASHAPE
37500,7332,VSHAPE
37600,11294,UNIFORM
37600,8315,CONSTANT
37600,7980,ASCENDING
37600,8044,DESCENDING
37600,8576,ASHAPE
37600,7652,VSHAPE
37700,11613,UNIFORM
37700,7547,CONSTANT
37700,7535,ASCENDING
37700,7308,DESCENDING
37700,7452,ASHAPE
37700,7327,VSHAPE
37800,11123,UNIFORM
37800,8379,CONSTANT
37800,8339,ASCENDING
37800,8399,DESCENDING
37800,7594,ASHAPE
37800,7842,VSHAPE
37900,11150,UNIFORM
37900,7576,CONSTANT
37900,7395,ASCENDING
37900,7551,DESCENDING
37900,7428,ASHAPE
37900,7923,VSHAPE
38000,12249,UNIFORM
38000,8303,CONSTANT
38000,7676,ASCENDING
38000,8282,DESCENDING
38000,8358,ASHAPE
38000,8332,VSHAPE
38100,11231,UNIFORM
38100,7648,CONSTANT
38100,7451,ASCENDING
38100,7987,DESCENDING
38100,8610,ASHAPE
38100,7995,VSHAPE
38200,11226,UNIFORM
38200,7518,CONSTANT
38200,8148,ASCENDING
38200,8600,DESCENDING
38200,7703,ASHAPE
38200,8932,VSHAPE
38300,11415,UNIFORM
38300,7455,CONSTANT
38300,7585,ASCENDING
38300,7463,DESCENDING
38300,8385,ASHAPE
38300,8254,VSHAPE
38400,11832,UNIFORM
38400,7736,CONSTANT
38400,7629,ASCENDING
38400,7558,DESCENDING
38400,7707,ASHAPE
38400,7942,VSHAPE
38500,11721,UNIFORM
38500,7914,CONSTANT
38500,7681,ASCENDING
38500,8031,DESCENDING
38500,8629,ASHAPE
38500,8267,VSHAPE
38600,11488,UNIFORM
38600,7832,CONSTANT
38600,7628,ASCENDING
38600,8215,DESCENDING
38600,7718,ASHAPE
38600,7830,VSHAPE
38700,12788,UNIFORM
38700,7930,CONSTANT
38700,8566,ASCENDING
38700,7826,DESCENDING
38700,8630,ASHAPE
38700,8365,VSHAPE
38800,11782,UNIFORM
38800,7945,CONSTANT
38800,7726,ASCENDING
38800,7891,DESCENDING
38800,7737,ASHAPE
38800,8316,VSHAPE
38900,14618,UNIFORM
38900,9658,CONSTANT
38900,9870,ASCENDING
38900,10137,DESCENDING
38900,12215,ASHAPE
38900,13118,VSHAPE
39000,16570,UNIFORM
39000,8777,CONSTANT
39000,11831,ASCENDING
39000,7977,DESCENDING
39000,10817,ASHAPE
39000,12723,VSHAPE
39100,11693,UNIFORM
39100,7740,CONSTANT
39100,8151,ASCENDING
39100,7626,DESCENDING
39100,7888,ASHAPE
39100,7666,VSHAPE
39200,11618,UNIFORM
39200,7671,CONSTANT
39200,10052,ASCENDING
39200,8501,DESCENDING
39200,9579,ASHAPE
39200,8281,VSHAPE
39300,11626,UNIFORM
39300,7900,CONSTANT
39300,8578,ASCENDING
39300,8216,DESCENDING
39300,7834,ASHAPE
39300,8637,VSHAPE
39400,12350,UNIFORM
39400,7969,CONSTANT
39400,8047,ASCENDING
39400,8003,DESCENDING
39400,9086,ASHAPE
39400,8019,VSHAPE
39500,11566,UNIFORM
39500,7816,CONSTANT
39500,7651,ASCENDING
39500,8776,DESCENDING
39500,8015,ASHAPE
39500,9409,VSHAPE
39600,11890,UNIFORM
39600,7851,CONSTANT
39600,7924,ASCENDING
39600,7735,DESCENDING
39600,8374,ASHAPE
39600,7814,VSHAPE
39700,11747,UNIFORM
39700,8410,CONSTANT
39700,7769,ASCENDING
39700,8788,DESCENDING
39700,8281,ASHAPE
39700,8256,VSHAPE
39800,11848,UNIFORM
39800,8422,CONSTANT
39800,7922,ASCENDING
39800,8104,DESCENDING
39800,8856,ASHAPE
39800,8814,VSHAPE
39900,11755,UNIFORM
39900,8014,CONSTANT
39900,8795,ASCENDING
39900,8385,DESCENDING
39900,9027,ASHAPE
39900,8279,VSHAPE
40000,12274,UNIFORM
40000,8015,CONSTANT
40000,7850,ASCENDING
40000,8067,DESCENDING
40000,9181,ASHAPE
40000,8522,VSHAPE
40100,11939,UNIFORM
40100,7965,CONSTANT
40100,8050,ASCENDING
40100,7887,DESCENDING
40100,8475,ASHAPE
40100,8851,VSHAPE
40200,12479,UNIFORM
40200,8055,CONSTANT
40200,8249,ASCENDING
40200,8214,DESCENDING
40200,8357,ASHAPE
40200,8920,VSHAPE
40300,11955,UNIFORM
40300,7889,CONSTANT
40300,8623,ASCENDING
40300,8666,DESCENDING
40300,8762,ASHAPE
40300,8217,VSHAPE
40400,11907,UNIFORM
40400,8044,CONSTANT
40400,7895,ASCENDING
40400,8874,DESCENDING
40400,8004,ASHAPE
40400,8923,VSHAPE
40500,11976,UNIFORM
40500,9120,CONSTANT
40500,8547,ASCENDING
40500,8472,DESCENDING
40500,8660,ASHAPE
40500,8417,VSHAPE
40600,12104,UNIFORM
40600,8050,CONSTANT
40600,7953,ASCENDING
40600,8401,DESCENDING
40600,8363,ASHAPE
40600,9124,VSHAPE
40700,12013,UNIFORM
40700,7999,CONSTANT
40700,8458,ASCENDING
40700,7987,DESCENDING
40700,8920,ASHAPE
40700,8473,VSHAPE
40800,12274,UNIFORM
40800,8027,CONSTANT
40800,8821,ASCENDING
40800,8351,DESCENDING
40800,9483,ASHAPE
40800,8279,VSHAPE
40900,12123,UNIFORM
40900,8245,CONSTANT
40900,8024,ASCENDING
40900,8580,DESCENDING
40900,8403,ASHAPE
40900,8925,VSHAPE
41000,12087,UNIFORM
41000,8398,CONSTANT
41000,8093,ASCENDING
41000,8663,DESCENDING
41000,8737,ASHAPE
41000,8717,VSHAPE
41100,12588,UNIFORM
41100,8201,CONSTANT
41100,8247,ASCENDING
41100,8078,DESCENDING
41100,8142,ASHAPE
41100,10909,VSHAPE
41200,12147,UNIFORM
41200,8222,CONSTANT
41200,8182,ASCENDING
41200,8885,DESCENDING
41200,9339,ASHAPE
41200,9612,VSHAPE
41300,12137,UNIFORM
41300,8216,CONSTANT
41300,8159,ASCENDING
41300,9353,DESCENDING
41300,8503,ASHAPE
41300,8452,VSHAPE
41400,12644,UNIFORM
41400,8242,CONSTANT
41400,9134,ASCENDING
41400,8508,DESCENDING
41400,8339,ASHAPE
41400,8791,VSHAPE
41500,12772,UNIFORM
41500,8196,CONSTANT
41500,8310,ASCENDING
41500,8173,DESCENDING
41500,8250,ASHAPE
41500,9553,VSHAPE
41600,12461,UNIFORM
41600,8357,CONSTANT
41600,8233,ASCENDING
41600,8745,DESCENDING
41600,8313,ASHAPE
41600,8985,VSHAPE
41700,12477,UNIFORM
41700,8211,CONSTANT
41700,8559,ASCENDING
41700,9386,DESCENDING
41700,9012,ASHAPE
41700,9099,VSHAPE
41800,12814,UNIFORM
41800,8212,CONSTANT
41800,8427,ASCENDING
41800,8428,DESCENDING
41800,8401,ASHAPE
41800,8675,VSHAPE
41900,12660,UNIFORM
41900,9422,CONSTANT
41900,8780,ASCENDING
41900,9282,DESCENDING
41900,8607,ASHAPE
41900,8636,VSHAPE
42000,12525,UNIFORM
42000,8348,CONSTANT
42000,8739,ASCENDING
42000,8318,DESCENDING
42000,8926,ASHAPE
42000,8277,VSHAPE
42100,12835,UNIFORM
42100,8616,CONSTANT
42100,9588,ASCENDING
42100,8879,DESCENDING
42100,11395,ASHAPE
42100,14378,VSHAPE
42200,12665,UNIFORM
42200,8384,CONSTANT
42200,8548,ASCENDING
42200,8357,DESCENDING
42200,8949,ASHAPE
42200,8343,VSHAPE
42300,12958,UNIFORM
42300,8418,CONSTANT
42300,9640,ASCENDING
42300,10233,DESCENDING
42300,9878,ASHAPE
42300,9210,VSHAPE
42400,12649,UNIFORM
42400,8474,CONSTANT
42400,9189,ASCENDING
42400,10177,DESCENDING
42400,9739,ASHAPE
42400,9447,VSHAPE
42500,12826,UNIFORM
42500,8638,CONSTANT
42500,8517,ASCENDING
42500,8309,DESCENDING
42500,8480,ASHAPE
42500,8355,VSHAPE
42600,12690,UNIFORM
42600,8557,CONSTANT
42600,8509,ASCENDING
42600,8390,DESCENDING
42600,12644,ASHAPE
42600,13682,VSHAPE
42700,12927,UNIFORM
42700,8422,CONSTANT
42700,8759,ASCENDING
42700,9458,DESCENDING
42700,10319,ASHAPE
42700,9681,VSHAPE
42800,12917,UNIFORM
42800,8477,CONSTANT
42800,10575,ASCENDING
42800,15294,DESCENDING
42800,13985,ASHAPE
42800,14318,VSHAPE
42900,28500,UNIFORM
42900,17125,CONSTANT
42900,18993,ASCENDING
42900,16440,DESCENDING
42900,23868,ASHAPE
42900,26938,VSHAPE
